<?xml version='1.0'?>
<home version='7200' exportFlags='17' name='6.sh3d' camera='topCamera' selectedLevel='level-bf7a32e8-7813-4952-9ac0-a85e63d6aa71' wallHeight='243.84'>
  <environment groundColor='00A8A8A8' skyColor='00CCE4FC' lightColor='00D0D0D0'>
    <texture attribute='groundTexture' name='Blue fibres' creator='Scopia' catalogId='eTeksScopia#blue-fibres_fabric-for-furniture' width='20.0' height='20.0' image='0'/>
    <texture attribute='skyTexture' name='Cloudy' creator='eTeks' catalogId='eTeks#cloudy' width='100.0' height='27.6' image='1'/>
  </environment>
  <observerCamera attribute='observerCamera' lens='PINHOLE' x='50.0' y='50.0' z='530.0' yaw='5.4977875' pitch='0.19634955' fieldOfView='1.0995575' time='1716897600000' fixedSize='true'/>
  <camera attribute='topCamera' lens='PINHOLE' x='1831.8673' y='1857.5688' z='3525.505' yaw='3.171411' pitch='1.3457984' fieldOfView='1.0995575' time='1716897600000'/>
  <level id='level-2bfe8fd0-911a-4420-9c45-ec54a608e3f4' name='Level 0' elevation='0.0' floorThickness='12.0' height='350.0' elevationIndex='0'/>
  <level id='level-bf7a32e8-7813-4952-9ac0-a85e63d6aa71' name='Level 1' elevation='360.0' floorThickness='12.0' height='243.84' elevationIndex='0'/>
  <doorOrWindow level='level-bf7a32e8-7813-4952-9ac0-a85e63d6aa71' catalogId='Scopia#door' name='Door' creator='Scopia' model='3/door.obj' x='2855.5' y='890.30927' angle='3.1454532' width='96.0' depth='17.5' height='210.0' modelSize='146649' movable='false' cutOutShape='M0,0 v1 h1 v-1 z' wallCutOutOnBothSides='true'>
    <texture name='Brown terrace tiles' creator='Scopia' width='120.0' height='120.0' image='4'/>
  </doorOrWindow>
  <doorOrWindow level='level-bf7a32e8-7813-4952-9ac0-a85e63d6aa71' catalogId='OlaKristianHoff#window_deep' name='Deep window' creator='Ola-Kristian Hoff' model='6/window_deep.obj' x='3206.1821' y='684.6502' elevation='20.0' angle='4.705432' width='119.8285' depth='19.374886' height='200.0' modelSize='26724' movable='false' cutOutShape='M0.11,0.06 v0.875 h0.78 v-0.875 z' wallCutOutOnBothSides='true'>
    <texture name='Brown terrace tiles' creator='Scopia' width='120.0' height='120.0' image='4'/>
  </doorOrWindow>
  <doorOrWindow level='level-bf7a32e8-7813-4952-9ac0-a85e63d6aa71' catalogId='Mchnz#craftsmanDoorClosed' name='Craftsman door' creator='Mchnz' model='8/craftsmanDoorClosed.obj' x='2384.724' y='1241.821' angle='6.277247' width='100.9' depth='19.506784' height='209.6' modelSize='122462' movable='false' cutOutShape='M0.078,0.037 v0.963 h0.846 v-0.964 z' wallCutOutOnBothSides='true'>
    <texture name='Brown terrace tiles' creator='Scopia' width='120.0' height='120.0' image='4'/>
  </doorOrWindow>
  <doorOrWindow level='level-bf7a32e8-7813-4952-9ac0-a85e63d6aa71' catalogId='Mchnz#craftsmanDoorClosed' name='Craftsman door' creator='Mchnz' model='8/craftsmanDoorClosed.obj' x='2668.1323' y='1246.5454' angle='6.276192' width='100.9' depth='18.7' height='209.6' modelSize='122462' movable='false' cutOutShape='M0.078,0.037 v0.963 h0.846 v-0.964 z' wallCutOutOnBothSides='true'>
    <texture name='Brown terrace tiles' creator='Scopia' width='120.0' height='120.0' image='4'/>
  </doorOrWindow>
  <doorOrWindow level='level-bf7a32e8-7813-4952-9ac0-a85e63d6aa71' catalogId='Scopia#door' name='Door' creator='Scopia' model='3/door.obj' x='3009.318' y='964.1274' angle='4.701987' width='96.0' depth='17.5' height='210.0' modelSize='146649' movable='false' cutOutShape='M0,0 v1 h1 v-1 z' wallCutOutOnBothSides='true'>
    <texture name='Brown terrace tiles' creator='Scopia' width='120.0' height='120.0' image='4'/>
  </doorOrWindow>
  <doorOrWindow level='level-bf7a32e8-7813-4952-9ac0-a85e63d6aa71' catalogId='Scopia#door' name='Door' creator='Scopia' model='3/door.obj' x='2447.8635' y='894.30927' angle='3.1454532' width='96.0' depth='17.5' height='210.0' modelSize='146649' movable='false' cutOutShape='M0,0 v1 h1 v-1 z' wallCutOutOnBothSides='true'>
    <texture name='Brown terrace tiles' creator='Scopia' width='120.0' height='120.0' image='4'/>
  </doorOrWindow>
  <doorOrWindow level='level-bf7a32e8-7813-4952-9ac0-a85e63d6aa71' catalogId='OlaKristianHoff#window_deep' name='Deep window' creator='Ola-Kristian Hoff' model='6/window_deep.obj' x='1618.8733' y='595.9844' elevation='20.0' angle='3.1415927' width='119.8285' depth='14.52075' height='200.0' modelSize='26724' movable='false' cutOutShape='M0.11,0.06 v0.875 h0.78 v-0.875 z' wallCutOutOnBothSides='true'>
    <texture name='Brown terrace tiles' creator='Scopia' width='120.0' height='120.0' image='4'/>
  </doorOrWindow>
  <doorOrWindow level='level-bf7a32e8-7813-4952-9ac0-a85e63d6aa71' catalogId='Mchnz#craftsmanDoorClosed' name='Craftsman door' creator='Mchnz' model='8/craftsmanDoorClosed.obj' x='1974.5206' y='1032.3634' angle='4.7123885' width='100.9' depth='19.506784' height='209.6' modelSize='122462' movable='false' cutOutShape='M0.078,0.037 v0.963 h0.846 v-0.964 z' wallCutOutOnBothSides='true'>
    <texture name='Brown terrace tiles' creator='Scopia' width='120.0' height='120.0' image='4'/>
  </doorOrWindow>
  <doorOrWindow level='level-bf7a32e8-7813-4952-9ac0-a85e63d6aa71' catalogId='Mchnz#craftsmanDoorClosed' name='Craftsman door' creator='Mchnz' model='8/craftsmanDoorClosed.obj' x='1787.9045' y='924.67' angle='1.5736954' width='100.9' depth='19.506784' height='209.6' modelSize='122462' movable='false' cutOutShape='M0.078,0.037 v0.963 h0.846 v-0.964 z' wallCutOutOnBothSides='true'>
    <texture name='Brown terrace tiles' creator='Scopia' width='120.0' height='120.0' image='4'/>
  </doorOrWindow>
  <doorOrWindow level='level-bf7a32e8-7813-4952-9ac0-a85e63d6aa71' catalogId='Mchnz#craftsmanDoorClosed' name='Craftsman door' creator='Mchnz' model='8/craftsmanDoorClosed.obj' x='1247.6661' y='1570.5531' angle='4.7161064' width='100.9' depth='19.506784' height='209.6' modelSize='122462' movable='false' cutOutShape='M0.078,0.037 v0.963 h0.846 v-0.964 z' wallCutOutOnBothSides='true'>
    <texture name='Brown terrace tiles' creator='Scopia' width='120.0' height='120.0' image='4'/>
  </doorOrWindow>
  <doorOrWindow level='level-bf7a32e8-7813-4952-9ac0-a85e63d6aa71' catalogId='Scopia#door' name='Door' creator='Scopia' model='3/door.obj' x='1283.5934' y='796.65735' angle='1.5805804' width='96.0' depth='28.234083' height='210.0' modelSize='146649' movable='false' cutOutShape='M0,0 v1 h1 v-1 z' wallCutOutOnBothSides='true'>
    <texture name='Brown terrace tiles' creator='Scopia' width='120.0' height='120.0' image='4'/>
  </doorOrWindow>
  <doorOrWindow level='level-bf7a32e8-7813-4952-9ac0-a85e63d6aa71' catalogId='Scopia#door' name='Door' creator='Scopia' model='3/door.obj' x='1337.9712' y='859.3717' angle='0.0036606588' width='96.0' depth='28.234083' height='210.0' modelSize='146649' movable='false' cutOutShape='M0,0 v1 h1 v-1 z' wallCutOutOnBothSides='true'>
    <texture name='Brown terrace tiles' creator='Scopia' width='120.0' height='120.0' image='4'/>
  </doorOrWindow>
  <doorOrWindow level='level-bf7a32e8-7813-4952-9ac0-a85e63d6aa71' catalogId='PencilArt#fancyFrontDoor' name='Fancy front door' creator='Pencilart' model='10/fancyFrontDoor.obj' x='2213.3943' y='1179.3474' angle='4.714846' width='99.8' depth='18.15075' height='200.0' modelSize='180388' movable='false' cutOutShape='M0,0 v1 h1 v-1 z' wallCutOutOnBothSides='true'/>
  <doorOrWindow level='level-bf7a32e8-7813-4952-9ac0-a85e63d6aa71' catalogId='Kator Legaz#exterior-door-01' name='Exterior door' creator='Kator Legaz' model='12/exterior-door-01.obj' x='1854.8195' y='1089.9257' angle='3.1467285' width='104.9' depth='14.52075' height='208.0' modelSize='121995' movable='false' cutOutShape='M0,0 v1 h1 v-1 z' wallCutOutOnBothSides='true'/>
  <doorOrWindow level='level-bf7a32e8-7813-4952-9ac0-a85e63d6aa71' catalogId='Scopia#door' name='Door' creator='Scopia' model='3/door.obj' x='792.94354' y='945.6603' angle='1.5844941' width='96.0' depth='28.234083' height='210.0' modelSize='146649' movable='false' cutOutShape='M0,0 v1 h1 v-1 z' wallCutOutOnBothSides='true'>
    <texture name='Brown terrace tiles' creator='Scopia' width='120.0' height='120.0' image='4'/>
  </doorOrWindow>
  <doorOrWindow level='level-bf7a32e8-7813-4952-9ac0-a85e63d6aa71' catalogId='Scopia#door' name='Door' creator='Scopia' model='3/door.obj' x='794.4028' y='1287.3785' angle='1.561303' width='96.0' depth='28.234083' height='210.0' modelSize='146649' movable='false' cutOutShape='M0,0 v1 h1 v-1 z' wallCutOutOnBothSides='true'>
    <texture name='Brown terrace tiles' creator='Scopia' width='120.0' height='120.0' image='4'/>
  </doorOrWindow>
  <doorOrWindow level='level-bf7a32e8-7813-4952-9ac0-a85e63d6aa71' catalogId='Scopia#door' name='Door' creator='Scopia' model='3/door.obj' x='797.6974' y='1634.4163' angle='1.561303' width='96.0' depth='28.234083' height='210.0' modelSize='146649' movable='false' cutOutShape='M0,0 v1 h1 v-1 z' wallCutOutOnBothSides='true'>
    <texture name='Brown terrace tiles' creator='Scopia' width='120.0' height='120.0' image='4'/>
  </doorOrWindow>
  <doorOrWindow level='level-bf7a32e8-7813-4952-9ac0-a85e63d6aa71' catalogId='Kator Legaz#exterior-door-01' name='Exterior door' creator='Kator Legaz' model='12/exterior-door-01.obj' x='1791.4238' y='1178.7234' angle='1.579498' width='104.9' depth='14.52075' height='208.0' modelSize='121995' movable='false' cutOutShape='M0,0 v1 h1 v-1 z' wallCutOutOnBothSides='true'/>
  <doorOrWindow level='level-bf7a32e8-7813-4952-9ac0-a85e63d6aa71' catalogId='Mchnz#craftsmanDoorClosed' name='Craftsman door' creator='Mchnz' model='8/craftsmanDoorClosed.obj' x='1604.6781' y='1242.2838' angle='6.2818484' width='100.9' depth='19.506784' height='209.6' modelSize='122462' movable='false' cutOutShape='M0.078,0.037 v0.963 h0.846 v-0.964 z' wallCutOutOnBothSides='true'>
    <texture name='Brown terrace tiles' creator='Scopia' width='120.0' height='120.0' image='4'/>
  </doorOrWindow>
  <doorOrWindow level='level-bf7a32e8-7813-4952-9ac0-a85e63d6aa71' catalogId='OlaKristianHoff#door_window_thick' name='Door window' creator='Ola-Kristian Hoff' model='14/door_window_thick.obj' x='1278.1646' y='566.6848' elevation='11.0' angle='4.712389' width='80.0' depth='14.272545' height='210.0' modelSize='11707' movable='false' cutOutShape='M0,0 v1 h1 v-1 z' wallCutOutOnBothSides='true'/>
  <doorOrWindow level='level-bf7a32e8-7813-4952-9ac0-a85e63d6aa71' catalogId='PeterSmolik#door1' name='Door' creator='Peter Smolik' model='16/door1.obj' x='1972.763' y='551.40155' angle='1.5707959' width='91.4' depth='15.756679' height='213.7' modelRotation='-1 0 0 0 1 0 0 0 -1' modelSize='1857741' movable='false' cutOutShape='M0,0 v1 h1 v-1 z' wallCutOutOnBothSides='true'/>
  <doorOrWindow level='level-bf7a32e8-7813-4952-9ac0-a85e63d6aa71' catalogId='OlaKristianHoff#window_deep' name='Deep window' creator='Ola-Kristian Hoff' model='6/window_deep.obj' x='569.81067' y='595.0656' elevation='20.0' angle='3.1361282' width='119.8' depth='14.52075' height='200.0' modelSize='26724' movable='false' cutOutShape='M0.11,0.06 v0.875 h0.78 v-0.875 z' wallCutOutOnBothSides='true'>
    <texture name='Brown terrace tiles' creator='Scopia' width='120.0' height='120.0' image='4'/>
  </doorOrWindow>
  <doorOrWindow level='level-bf7a32e8-7813-4952-9ac0-a85e63d6aa71' catalogId='eTeks#sliderWindow126x200' name='Slider window' creator='eTeks' model='18' x='1039.3582' y='496.50885' elevation='100.0' angle='3.1415927' width='100.0' depth='12.90903' height='100.0' modelSize='7950' movable='false' cutOutShape='M0,0 v1 h1 v-1 z' wallCutOutOnBothSides='true'>
    <material name='flltgrey' shininess='0.40625'>
      <texture name='Brown terrace tiles' creator='Scopia' width='120.0' height='120.0' image='4'/>
    </material>
  </doorOrWindow>
  <doorOrWindow level='level-bf7a32e8-7813-4952-9ac0-a85e63d6aa71' catalogId='eTeks#sliderWindow126x200' name='Slider window' creator='eTeks' model='18' x='2152.4492' y='496.50885' elevation='100.0' width='100.0' depth='12.90903' height='100.0' modelSize='7950' movable='false' cutOutShape='M0,0 v1 h1 v-1 z' wallCutOutOnBothSides='true'>
    <material name='flltgrey' shininess='0.40625'>
      <texture name='Brown terrace tiles' creator='Scopia' width='120.0' height='120.0' image='4'/>
    </material>
  </doorOrWindow>
  <doorOrWindow level='level-bf7a32e8-7813-4952-9ac0-a85e63d6aa71' catalogId='eTeks#sliderWindow126x200' name='Slider window' creator='eTeks' model='18' x='2580.4492' y='507.418' elevation='100.0' angle='7.601751E-8' width='100.0' depth='12.90903' height='100.0' modelSize='7950' movable='false' cutOutShape='M0,0 v1 h1 v-1 z' wallCutOutOnBothSides='true'>
    <material name='flltgrey' shininess='0.40625'>
      <texture name='Brown terrace tiles' creator='Scopia' width='120.0' height='120.0' image='4'/>
    </material>
  </doorOrWindow>
  <doorOrWindow level='level-bf7a32e8-7813-4952-9ac0-a85e63d6aa71' catalogId='eTeks#sliderWindow126x200' name='Slider window' creator='eTeks' model='18' x='3001.9038' y='506.6097' elevation='100.0' angle='3.1415925' width='100.0' depth='12.90903' height='100.0' modelSize='7950' movable='false' cutOutShape='M0,0 v1 h1 v-1 z' wallCutOutOnBothSides='true'>
    <material name='flltgrey' shininess='0.40625'>
      <texture name='Brown terrace tiles' creator='Scopia' width='120.0' height='120.0' image='4'/>
    </material>
  </doorOrWindow>
  <doorOrWindow level='level-bf7a32e8-7813-4952-9ac0-a85e63d6aa71' catalogId='eTeks#sliderWindow126x200' name='Slider window' creator='eTeks' model='18' x='3301.2778' y='1139.5992' elevation='100.0' angle='1.5707964' width='100.0' depth='12.90903' height='100.0' modelSize='7950' movable='false' cutOutShape='M0,0 v1 h1 v-1 z' wallCutOutOnBothSides='true'>
    <material name='flltgrey' shininess='0.40625'>
      <texture name='Brown terrace tiles' creator='Scopia' width='120.0' height='120.0' image='4'/>
    </material>
  </doorOrWindow>
  <doorOrWindow level='level-bf7a32e8-7813-4952-9ac0-a85e63d6aa71' catalogId='eTeks#sliderWindow126x200' name='Slider window' creator='eTeks' model='18' x='406.4496' y='771.9628' elevation='100.0' angle='4.712389' width='100.0' depth='12.90903' height='100.0' modelSize='7950' movable='false' cutOutShape='M0,0 v1 h1 v-1 z' wallCutOutOnBothSides='true'>
    <material name='flltgrey' shininess='0.40625'>
      <texture name='Brown terrace tiles' creator='Scopia' width='120.0' height='120.0' image='4'/>
    </material>
  </doorOrWindow>
  <doorOrWindow level='level-bf7a32e8-7813-4952-9ac0-a85e63d6aa71' catalogId='eTeks#sliderWindow126x200' name='Slider window' creator='eTeks' model='18' x='406.4496' y='1186.872' elevation='100.0' angle='4.712389' width='100.0' depth='12.90903' height='100.0' modelSize='7950' movable='false' cutOutShape='M0,0 v1 h1 v-1 z' wallCutOutOnBothSides='true'>
    <material name='flltgrey' shininess='0.40625'>
      <texture name='Brown terrace tiles' creator='Scopia' width='120.0' height='120.0' image='4'/>
    </material>
  </doorOrWindow>
  <doorOrWindow level='level-bf7a32e8-7813-4952-9ac0-a85e63d6aa71' catalogId='eTeks#sliderWindow126x200' name='Slider window' creator='eTeks' model='18' x='406.44962' y='1536.3265' elevation='100.0' angle='4.712389' width='100.0' depth='12.90903' height='100.0' modelSize='7950' movable='false' cutOutShape='M0,0 v1 h1 v-1 z' wallCutOutOnBothSides='true'>
    <material name='flltgrey' shininess='0.40625'>
      <texture name='Brown terrace tiles' creator='Scopia' width='120.0' height='120.0' image='4'/>
    </material>
  </doorOrWindow>
  <wall id='wall-6fe2b1a2-493d-420c-81e2-99f99b375ae1' level='level-2bfe8fd0-911a-4420-9c45-ec54a608e3f4' xStart='488.9546' yStart='602.6559' xEnd='3200.9546' yEnd='603.74677' height='350.0' thickness='12.6' pattern='crossHatch'/>
  <wall id='wall-7f1eb7f9-47e6-42d4-866c-d887e0f624c7' level='level-2bfe8fd0-911a-4420-9c45-ec54a608e3f4' xStart='3200.9543' yStart='599.7411' xEnd='3203.1365' yEnd='1359.0138' height='350.0' thickness='12.6' pattern='crossHatch'/>
  <wall id='wall-f4f8663b-4d04-48ee-b5d9-0a2091a77159' level='level-2bfe8fd0-911a-4420-9c45-ec54a608e3f4' xStart='3206.241' yStart='1351.9099' xEnd='498.40906' yEnd='1738.1958' height='350.0' thickness='12.6' pattern='crossHatch' topColor='FF8D0F00'/>
  <wall id='wall-59793921-c41f-46db-bee3-48a519492890' level='level-2bfe8fd0-911a-4420-9c45-ec54a608e3f4' xStart='489.86365' yStart='602.65594' xEnd='498.59094' yEnd='1741.5651' height='350.0' thickness='12.6' pattern='crossHatch'/>
  <wall id='wall-ddcd5b1b-148f-41b6-b483-08dd721f05a8' level='level-bf7a32e8-7813-4952-9ac0-a85e63d6aa71' xStart='3296.9546' yStart='1353.5592' xEnd='3196.591' yEnd='1353.5592' height='243.84' thickness='12.1' pattern='crossHatch' topColor='FF8D0F00'/>
  <wall id='wall-9c19e569-185e-488b-b4c9-4448d0170512' level='level-bf7a32e8-7813-4952-9ac0-a85e63d6aa71' xStart='406.0454' yStart='496.1047' xEnd='406.04547' yEnd='1746.2865' height='243.84' thickness='12.1' pattern='crossHatch' topColor='FF8D0F00'/>
  <wall id='wall-526f78e6-60c1-461b-af40-952b0e57289f' level='level-bf7a32e8-7813-4952-9ac0-a85e63d6aa71' wallAtEnd='wall-85a8c900-7831-487b-9097-45daab469c32' xStart='406.04547' yStart='1744.1047' xEnd='497.68182' yEnd='1744.1047' height='243.84' thickness='12.1' pattern='crossHatch' topColor='FF8D0F00'/>
  <wall id='wall-85a8c900-7831-487b-9097-45daab469c32' level='level-bf7a32e8-7813-4952-9ac0-a85e63d6aa71' wallAtStart='wall-526f78e6-60c1-461b-af40-952b0e57289f' xStart='497.68182' yStart='1744.1047' xEnd='3209.682' yEnd='1354.6501' height='243.84' thickness='12.1' pattern='crossHatch' topColor='FF8D0F00'/>
  <wall id='wall-efe96a2a-24de-4a3a-b0cc-938accda8abd' level='level-bf7a32e8-7813-4952-9ac0-a85e63d6aa71' xStart='1793.3116' yStart='1100.8314' xEnd='1789.3119' yEnd='1560.4691' height='243.84' thickness='12.1' pattern='crossHatch' topColor='FF8D0F00'/>
  <wall id='wall-c74f67d4-4f35-490d-bbeb-f8054b6f9edd' level='level-bf7a32e8-7813-4952-9ac0-a85e63d6aa71' xStart='2205.8645' yStart='1240.9536' xEnd='3001.8638' yEnd='1236.2266' height='243.84' thickness='12.1' pattern='crossHatch' topColor='FF8D0F00'/>
  <wall id='wall-7fe27843-662c-4e4c-b44e-4e27d170c75a' level='level-bf7a32e8-7813-4952-9ac0-a85e63d6aa71' xStart='2508.7847' yStart='1243.4989' xEnd='2511.6938' yEnd='1453.3171' height='243.84' thickness='12.1' pattern='crossHatch' topColor='FF8D0F00'/>
  <wall id='wall-f30c5386-6163-467e-80ac-7de486f1bc03' level='level-bf7a32e8-7813-4952-9ac0-a85e63d6aa71' xStart='3301.682' yStart='900.1047' xEnd='2209.3184' yEnd='909.55927' height='243.84' thickness='12.1' pattern='crossHatch' topColor='FF8D0F00'/>
  <wall id='wall-950fa331-229a-4cc8-8dcc-165c1acba3ea' level='level-bf7a32e8-7813-4952-9ac0-a85e63d6aa71' xStart='2998.0457' yStart='912.832' xEnd='3000.2273' yEnd='1388.4684' height='243.84' thickness='12.1' pattern='crossHatch' topColor='FF8D0F00'/>
  <wall id='wall-736e3869-d40c-4b4c-83a1-aa09dd325534' level='level-bf7a32e8-7813-4952-9ac0-a85e63d6aa71' xStart='1784.9545' yStart='1096.2865' xEnd='1001.68176' yEnd='1099.9227' height='243.84' thickness='12.1' pattern='crossHatch' topColor='FF8D0F00'/>
  <wall id='wall-b6a33534-3de8-400f-ad66-3d94be20ac73' level='level-bf7a32e8-7813-4952-9ac0-a85e63d6aa71' xStart='1789.3182' yStart='859.80316' xEnd='1497.682' yEnd='859.80316' height='243.84' thickness='12.1' pattern='crossHatch' topColor='FF8D0F00'/>
  <wall id='wall-46238a73-53a8-4dbe-8e47-153f5f461ddf' level='level-bf7a32e8-7813-4952-9ac0-a85e63d6aa71' wallAtEnd='wall-2f2074bb-2b00-4793-9e0f-b16de7ec866a' xStart='1402.2275' yStart='1096.1047' xEnd='1402.2277' yEnd='857.80316' height='243.84' thickness='12.1' pattern='crossHatch' topColor='FF8D0F00'/>
  <wall id='wall-2f2074bb-2b00-4793-9e0f-b16de7ec866a' level='level-bf7a32e8-7813-4952-9ac0-a85e63d6aa71' wallAtStart='wall-46238a73-53a8-4dbe-8e47-153f5f461ddf' xStart='1402.2277' yStart='857.80316' xEnd='798.22736' yEnd='855.6214' height='243.84' thickness='12.1' pattern='crossHatch' topColor='FF8D0F00'/>
  <wall id='wall-8d7ecaf3-5850-42ac-8eeb-3cf2f0060c14' level='level-bf7a32e8-7813-4952-9ac0-a85e63d6aa71' xStart='800.10596' yStart='1701.1956' xEnd='793.56055' yEnd='1011.7412' height='243.84' thickness='12.1' pattern='crossHatch' topColor='FF8D0F00'/>
  <wall id='wall-5fe88fd5-730e-4e30-a7c8-ba3a0fd1327d' level='level-bf7a32e8-7813-4952-9ac0-a85e63d6aa71' xStart='796.59094' yStart='1003.3152' xEnd='401.68182' yEnd='1003.31525' height='243.84' thickness='12.1' pattern='crossHatch' topColor='FF8D0F00'/>
  <wall id='wall-ec0c493a-0cb7-4ec4-a121-f886282c8e2e' level='level-bf7a32e8-7813-4952-9ac0-a85e63d6aa71' xStart='2211.0269' yStart='911.7408' xEnd='2209.5723' yEnd='1503.742' height='243.84' thickness='12.1' pattern='crossHatch' topColor='FF8D0F00'/>
  <wall id='wall-601180be-a8ae-4934-a3a9-29d3b16a24e7' level='level-bf7a32e8-7813-4952-9ac0-a85e63d6aa71' xStart='1790.0457' yStart='851.7411' xEnd='1789.3182' yEnd='1102.6501' height='243.84' thickness='12.1' pattern='crossHatch' topColor='FF8D0F00'/>
  <wall id='wall-a345ad2f-854a-4584-9c59-9b6e5bc8f034' level='level-bf7a32e8-7813-4952-9ac0-a85e63d6aa71' xStart='1506.4093' yStart='853.92285' xEnd='1507.8636' yEnd='1098.2865' height='243.84' thickness='12.1' pattern='crossHatch' topColor='FF8D0F00'/>
  <wall id='wall-594457f8-5bfa-4a8d-a5ea-51316e1a0e51' level='level-bf7a32e8-7813-4952-9ac0-a85e63d6aa71' xStart='1277.0787' yStart='507.01385' xEnd='1277.0787' yEnd='861.19556' height='243.84' thickness='12.1' pattern='crossHatch' topColor='FF8D0F00'/>
  <wall id='wall-ae4ee2e5-5d3a-4d8a-91ba-d84f5d0843c9' level='level-bf7a32e8-7813-4952-9ac0-a85e63d6aa71' xStart='1998.0535' yStart='1244.1056' xEnd='1993.6896' yEnd='1527.742' height='243.84' thickness='12.1' pattern='crossHatch' topColor='FF8D0F00'/>
  <wall id='wall-8da04f66-dee0-4914-98f8-e7205ccdf8a1' level='level-bf7a32e8-7813-4952-9ac0-a85e63d6aa71' xStart='1790.5465' yStart='1240.1057' xEnd='1246.5181' yEnd='1240.833' height='243.84' thickness='12.1' pattern='crossHatch' topColor='FF8D0F00'/>
  <wall id='wall-c83441b0-cb29-4a9a-803f-5878704bedeb' level='level-bf7a32e8-7813-4952-9ac0-a85e63d6aa71' xStart='403.86365' yStart='1357.1973' xEnd='796.59094' yEnd='1355.0155' height='243.84' thickness='12.1' pattern='crossHatch' topColor='FF8D0F00'/>
  <wall id='wall-4d3d2a76-ae9a-4b8c-9e88-e69a15e39fa9' level='level-bf7a32e8-7813-4952-9ac0-a85e63d6aa71' xStart='2208.967' yStart='1092.9546' xEnd='1784.221' yEnd='1090.7731' height='243.84' thickness='12.1' pattern='crossHatch' topColor='FF8D0F00'/>
  <wall id='wall-f08c3139-334f-4ccd-9749-cd9094707c52' level='level-bf7a32e8-7813-4952-9ac0-a85e63d6aa71' xStart='793.6818' yStart='507.01385' xEnd='793.6818' yEnd='1021.31683' height='243.84' thickness='12.1' pattern='crossHatch' topColor='FF8D0F00'/>
  <wall id='wall-e7a32f54-a762-40e7-a5d5-93f3d1b88cee' level='level-bf7a32e8-7813-4952-9ac0-a85e63d6aa71' xStart='1392.2273' yStart='856.89404' xEnd='1510.0455' yEnd='859.07587' height='243.84' thickness='12.1' pattern='crossHatch' topColor='FF8D0F00'/>
  <wall id='wall-ff483c5c-c770-41db-af84-6b9fe1e42095' level='level-bf7a32e8-7813-4952-9ac0-a85e63d6aa71' xStart='2603.8638' yStart='1236.4684' xEnd='2605.3184' yEnd='1441.5592' height='243.84' thickness='12.1' pattern='crossHatch' topColor='FF8D0F00'/>
  <wall id='wall-3336e50a-8641-43a9-afa2-9df066340d5e' level='level-bf7a32e8-7813-4952-9ac0-a85e63d6aa71' xStart='1002.40906' yStart='849.5592' xEnd='1002.4092' yEnd='1108.4684' height='243.84' thickness='12.1' pattern='crossHatch' topColor='FF8D0F00'/>
  <wall id='wall-3cb36838-500c-42e5-82f3-95f36296439e' level='level-bf7a32e8-7813-4952-9ac0-a85e63d6aa71' xStart='2792.9546' yStart='507.01382' xEnd='2792.9546' yEnd='905.0138' height='243.84' thickness='12.1' pattern='crossHatch' topColor='FF8D0F00'/>
  <wall id='wall-89a27fef-f6ca-4572-a90e-3cd34e5016b1' level='level-bf7a32e8-7813-4952-9ac0-a85e63d6aa71' xStart='2395.8638' yStart='496.1047' xEnd='2395.8638' yEnd='910.65015' height='243.84' thickness='12.1' pattern='crossHatch' topColor='FF8D0F00'/>
  <wall id='wall-215dbf65-27f5-47b1-aec1-0e21e81ac2a4' level='level-bf7a32e8-7813-4952-9ac0-a85e63d6aa71' xStart='1553.3169' yStart='1242.2865' xEnd='1554.7715' yEnd='1585.5592' height='243.84' thickness='12.1' pattern='crossHatch' topColor='FF8D0F00'/>
  <wall id='wall-a46bd5fa-cd78-448c-b1ac-26ed8234f6d8' level='level-bf7a32e8-7813-4952-9ac0-a85e63d6aa71' xStart='1451.7411' yStart='1242.2865' xEnd='1454.6501' yEnd='1601.5592' height='243.84' thickness='12.1' pattern='crossHatch' topColor='FF8D0F00'/>
  <wall id='wall-72211ff1-e441-463d-b693-e37ff7fa4a5e' level='level-bf7a32e8-7813-4952-9ac0-a85e63d6aa71' xStart='1972.5908' yStart='494.65018' xEnd='1972.5911' yEnd='1092.4684' height='243.84' thickness='12.1' pattern='crossHatch' topColor='FF8D0F00'/>
  <wall id='wall-db244db4-fe08-407e-bf65-f8a57494d485' level='level-bf7a32e8-7813-4952-9ac0-a85e63d6aa71' xStart='3200.9546' yStart='502.2865' xEnd='3200.9546' yEnd='906.2865' height='243.84' thickness='12.1' pattern='crossHatch' topColor='FF8D0F00'/>
  <wall id='wall-f322ff0b-0d8e-41f0-aacf-90194c398481' level='level-bf7a32e8-7813-4952-9ac0-a85e63d6aa71' xStart='1963.8638' yStart='596.4683' xEnd='1289.6819' yEnd='596.4683' height='243.84' thickness='12.1' pattern='crossHatch' topColor='FF8D0F00'/>
  <wall id='wall-771a1edf-9931-4ef8-89a9-500ac526df07' level='level-bf7a32e8-7813-4952-9ac0-a85e63d6aa71' xStart='800.9546' yStart='594.2865' xEnd='401.68182' yEnd='596.4683' height='243.84' thickness='12.1' pattern='crossHatch' topColor='FF8D0F00'/>
  <wall id='wall-fa3da17e-8a98-4a76-b5f6-50bf167d760a' level='level-bf7a32e8-7813-4952-9ac0-a85e63d6aa71' xStart='1246.8959' yStart='1242.65' xEnd='1245.4414' yEnd='1633.9229' height='243.84' thickness='12.1' pattern='crossHatch' topColor='FF8D0F00'/>
  <wall id='wall-92de48ef-d5c0-4dc9-85e1-04a549225ee6' level='level-bf7a32e8-7813-4952-9ac0-a85e63d6aa71' xStart='1787.8636' yStart='1237.5593' xEnd='2214.0454' yEnd='1240.4685' height='243.84' thickness='12.1' pattern='crossHatch' topColor='FF8D0F00'/>
  <wall id='wall-df4c5c4e-2309-4325-9092-f6a47a2bd30c' level='level-bf7a32e8-7813-4952-9ac0-a85e63d6aa71' wallAtEnd='wall-6f48faa8-e8d0-4be7-b781-3e8d73fef70c' xStart='3198.773' yStart='507.01382' xEnd='2797.3184' yEnd='507.01385' height='243.84' thickness='12.1' pattern='crossHatch' topColor='FF8D0F00'>
    <texture attribute='rightSideTexture' name='Brown tiles' creator='Scopia' catalogId='eTeksScopia#irregular-orange-kitchen-tiles' width='100.0' height='100.0' image='23'/>
  </wall>
  <wall id='wall-6f48faa8-e8d0-4be7-b781-3e8d73fef70c' level='level-bf7a32e8-7813-4952-9ac0-a85e63d6aa71' wallAtStart='wall-df4c5c4e-2309-4325-9092-f6a47a2bd30c' xStart='2797.3184' yStart='507.01385' xEnd='2395.8638' yEnd='507.01382' height='243.84' thickness='12.1' pattern='crossHatch' topColor='FF8D0F00'>
    <texture attribute='rightSideTexture' name='Brown tiles' creator='Scopia' catalogId='eTeksScopia#irregular-orange-kitchen-tiles' width='100.0' height='100.0' image='23'/>
  </wall>
  <wall id='wall-afb07ae5-730f-4365-b894-5fc5a1d545c6' level='level-bf7a32e8-7813-4952-9ac0-a85e63d6aa71' wallAtEnd='wall-e969bca9-62d0-492f-83c7-0aa8c70f09c5' xStart='2395.8638' yStart='507.01382' xEnd='1972.5908' yEnd='507.01385' height='243.84' thickness='12.1' pattern='crossHatch' topColor='FF8D0F00'>
    <texture attribute='rightSideTexture' name='Brown tiles' creator='Scopia' catalogId='eTeksScopia#irregular-orange-kitchen-tiles' width='100.0' height='100.0' image='23'/>
  </wall>
  <wall id='wall-e969bca9-62d0-492f-83c7-0aa8c70f09c5' level='level-bf7a32e8-7813-4952-9ac0-a85e63d6aa71' wallAtStart='wall-afb07ae5-730f-4365-b894-5fc5a1d545c6' xStart='1972.5908' yStart='507.01385' xEnd='1288.3514' yEnd='507.01392' height='100.0' thickness='12.1' pattern='crossHatch' topColor='FF8D0F00'>
    <texture attribute='rightSideTexture' name='Brown tiles' creator='Scopia' catalogId='eTeksScopia#irregular-orange-kitchen-tiles' width='100.0' height='100.0' image='23'/>
  </wall>
  <wall id='wall-8762b338-f2a3-463c-838c-a5029daae1a4' level='level-bf7a32e8-7813-4952-9ac0-a85e63d6aa71' xStart='401.68182' yStart='505.92288' xEnd='798.22736' yEnd='505.92288' height='100.0' thickness='12.1' pattern='crossHatch' topColor='FF8D0F00'>
    <texture attribute='rightSideTexture' name='Peacock velvet' creator='Scopia' width='50.0' height='50.0' image='21'/>
  </wall>
  <wall id='wall-207b85b3-00a6-4f72-9d3f-41e42f733ba7' level='level-bf7a32e8-7813-4952-9ac0-a85e63d6aa71' xStart='1277.0787' yStart='507.01385' xEnd='798.22736' yEnd='507.0139' height='243.84' thickness='12.1' pattern='crossHatch' topColor='FF8D0F00'>
    <texture attribute='rightSideTexture' name='Brown tiles' creator='Scopia' catalogId='eTeksScopia#irregular-orange-kitchen-tiles' width='100.0' height='100.0' image='23'/>
  </wall>
  <wall id='wall-ec4e08c9-8687-4210-ad5c-1b4e092d5a0a' level='level-bf7a32e8-7813-4952-9ac0-a85e63d6aa71' xStart='3198.773' yStart='507.01382' xEnd='3301.682' yEnd='507.01382' height='100.0' thickness='12.1' pattern='crossHatch' topColor='FF8D0F00'/>
  <wall id='wall-b514d682-7fc6-41d3-996d-e1a21cc74dc7' level='level-bf7a32e8-7813-4952-9ac0-a85e63d6aa71' xStart='3301.682' yStart='505.10468' xEnd='3301.682' yEnd='900.1047' height='100.0' thickness='12.1' pattern='crossHatch' topColor='FF8D0F00'/>
  <wall id='wall-b210cee2-4cb8-4e52-80a4-5076611ae479' level='level-bf7a32e8-7813-4952-9ac0-a85e63d6aa71' xStart='3301.682' yStart='900.1047' xEnd='3301.682' yEnd='1353.5592' height='243.84' thickness='12.1' pattern='crossHatch' topColor='FF8D0F00'/>
  <room id='room-a8d46d9b-b838-4a9c-9aeb-78462e1c2d5c' level='level-bf7a32e8-7813-4952-9ac0-a85e63d6aa71' areaVisible='true' ceilingVisible='false' ceilingFlat='true'>
    <texture attribute='floorTexture' name='Blue fibres' creator='Scopia' catalogId='eTeksScopia#blue-fibres_fabric-for-furniture' width='20.0' height='20.0' image='0'/>
    <point x='3008.9546' y='912.1046'/>
    <point x='3004.591' y='1381.1956'/>
    <point x='3222.773' y='1344.1046'/>
    <point x='3299.1365' y='1350.6501'/>
    <point x='3283.8638' y='914.28644'/>
  </room>
  <room id='room-8b3b36ad-995b-48f6-b9f9-d1526bba39af' level='level-bf7a32e8-7813-4952-9ac0-a85e63d6aa71' areaVisible='true' ceilingVisible='false' ceilingFlat='true'>
    <texture attribute='floorTexture' name='Blue fibres' creator='Scopia' catalogId='eTeksScopia#blue-fibres_fabric-for-furniture' width='20.0' height='20.0' image='0'/>
    <point x='2987.1362' y='917.1956'/>
    <point x='2981.3184' y='1224.1047'/>
    <point x='2221.3186' y='1226.2865'/>
    <point x='2224.9546' y='928.10474'/>
  </room>
  <room id='room-293f1f5c-d6aa-4f5f-b0ba-37f63f9fc884' level='level-bf7a32e8-7813-4952-9ac0-a85e63d6aa71' areaVisible='true' ceilingFlat='true'>
    <texture attribute='floorTexture' name='Brown terrace tiles' creator='Scopia' width='120.0' height='120.0' image='4'/>
    <point x='1271.5001' y='507.01376'/>
    <point x='1264.2274' y='839.37744'/>
    <point x='815.5001' y='836.4683'/>
    <point x='800.9546' y='507.01382'/>
  </room>
  <room id='room-7c89c434-8e7f-47a0-a4d9-0caea074479f' level='level-bf7a32e8-7813-4952-9ac0-a85e63d6aa71' areaVisible='true' ceilingFlat='true'>
    <texture attribute='floorTexture' name='Grass' creator='eTeks' width='30.0' height='30.0' image='19'/>
    <point x='412.59094' y='611.741'/>
    <point x='779.1364' y='607.37744'/>
    <point x='779.86365' y='986.2865'/>
    <point x='408.9546' y='988.4684'/>
  </room>
  <room id='room-87b2b3bb-fa0e-4c03-8955-3cde8d02a472' level='level-bf7a32e8-7813-4952-9ac0-a85e63d6aa71' areaVisible='true' ceilingFlat='true'>
    <texture attribute='floorTexture' name='Beige fabric' creator='Scopia' width='85.0' height='85.0' image='20'/>
    <point x='2523.8757' y='1244.226'/>
    <point x='2520.2395' y='1442.7714'/>
    <point x='2605.33' y='1433.3168'/>
    <point x='2603.8757' y='1244.226'/>
  </room>
  <room id='room-3b8f67e5-f178-477b-9b24-044545af4a7b' level='level-bf7a32e8-7813-4952-9ac0-a85e63d6aa71' areaVisible='true' ceilingFlat='true'>
    <texture attribute='floorTexture' name='Blue fibres' creator='Scopia' catalogId='eTeksScopia#blue-fibres_fabric-for-furniture' width='20.0' height='20.0' image='0'/>
    <point x='2219.2695' y='1253.1959'/>
    <point x='2217.0876' y='1483.7413'/>
    <point x='2497.088' y='1442.2866'/>
    <point x='2494.906' y='1253.1959'/>
  </room>
  <room id='room-561a4abf-960e-42a3-9e3e-6fbbbd680952' level='level-bf7a32e8-7813-4952-9ac0-a85e63d6aa71' areaVisible='true' ceilingFlat='true'>
    <texture attribute='floorTexture' name='Peacock velvet' creator='Scopia' width='50.0' height='50.0' image='21'/>
    <point x='1799.9788' y='1244.1056'/>
    <point x='2194.1794' y='1249.9238'/>
    <point x='2192.7246' y='1495.0146'/>
    <point x='1806.5242' y='1549.56'/>
  </room>
  <room id='room-1c45108e-0147-4070-bc46-9a51fc81c4ae' level='level-bf7a32e8-7813-4952-9ac0-a85e63d6aa71' areaVisible='true' ceilingFlat='true'>
    <texture attribute='floorTexture' name='Blue fibres' creator='Scopia' width='20.0' height='20.0' image='0'/>
    <point x='2615.5' y='1245.1956'/>
    <point x='2616.9546' y='1437.1956'/>
    <point x='2987.8638' y='1377.5592'/>
    <point x='2987.8638' y='1249.5592'/>
  </room>
  <room id='room-813e2980-1ccc-4609-a080-f285a6ab95df' level='level-bf7a32e8-7813-4952-9ac0-a85e63d6aa71' areaVisible='true' ceilingFlat='true'>
    <texture attribute='floorTexture' name='Peacock velvet' creator='Scopia' width='50.0' height='50.0' image='21'/>
    <point x='1805.3182' y='1098.2865'/>
    <point x='1803.8636' y='1230.6501'/>
    <point x='2190.773' y='1236.4683'/>
    <point x='2195.1365' y='1102.6501'/>
  </room>
  <room id='room-f166da12-2824-47be-a235-ca411f46f591' level='level-bf7a32e8-7813-4952-9ac0-a85e63d6aa71' areaVisible='true' ceilingFlat='true'>
    <texture attribute='floorTexture' name='Blue fibres' creator='Scopia' width='20.0' height='20.0' image='0'/>
    <point x='3189.3184' y='507.01373'/>
    <point x='3185.6821' y='881.5592'/>
    <point x='2810.4094' y='885.1956'/>
    <point x='2813.3184' y='504.1047'/>
  </room>
  <room id='room-5c39461b-7000-4246-b74c-a52b0c8624a3' level='level-bf7a32e8-7813-4952-9ac0-a85e63d6aa71' areaVisible='true' ceilingFlat='true'>
    <texture attribute='floorTexture' name='Blue fibres' creator='Scopia' width='20.0' height='20.0' image='0'/>
    <point x='2784.2273' y='507.74106'/>
    <point x='2778.4092' y='891.741'/>
    <point x='2403.1365' y='894.65015'/>
    <point x='2410.4092' y='507.74106'/>
  </room>
  <room id='room-edcd1725-eb5c-463a-b414-c1ef1d57c0db' level='level-bf7a32e8-7813-4952-9ac0-a85e63d6aa71' areaVisible='true' ceilingFlat='true'>
    <texture attribute='floorTexture' name='Grass' creator='eTeks' width='30.0' height='30.0' image='19'/>
    <point x='411.86365' y='1011.0138'/>
    <point x='779.86365' y='1016.8319'/>
    <point x='781.31824' y='1341.1956'/>
    <point x='416.2273' y='1344.1047'/>
  </room>
  <room id='room-9c69f32a-0aa9-4122-bdb0-f5a0e9064584' level='level-bf7a32e8-7813-4952-9ac0-a85e63d6aa71' areaVisible='true' ceilingFlat='true'>
    <texture attribute='floorTexture' name='Grass' creator='eTeks' width='30.0' height='30.0' image='19'/>
    <point x='414.77277' y='1364.4684'/>
    <point x='782.77277' y='1364.4684'/>
    <point x='782.77277' y='1690.2865'/>
    <point x='487.5' y='1735.3774'/>
    <point x='419.13635' y='1731.0138'/>
  </room>
  <room id='room-52d4dbe9-e07e-455d-96bd-e32a07b5a5fa' level='level-bf7a32e8-7813-4952-9ac0-a85e63d6aa71' areaVisible='true' ceilingFlat='true'>
    <texture attribute='floorTexture' name='Grass' creator='eTeks' width='30.0' height='30.0' image='19'/>
    <point x='811.86365' y='876.1047'/>
    <point x='987.8638' y='879.741'/>
    <point x='989.31824' y='1107.3774'/>
    <point x='1792.2273' y='1108.8319'/>
    <point x='1782.0455' y='1231.0137'/>
    <point x='1238.0454' y='1233.923'/>
    <point x='1227.8638' y='1626.6501'/>
    <point x='808.9546' y='1687.7411'/>
  </room>
  <room id='room-9d01bd6b-c454-43dd-9295-c011ccb655f1' level='level-bf7a32e8-7813-4952-9ac0-a85e63d6aa71' areaVisible='true' ceilingFlat='true'>
    <textStyle attribute='nameStyle' fontSize='26.0'/>
    <textStyle attribute='areaStyle' fontSize='26.0'/>
    <texture attribute='floorTexture' name='Brown terrace tiles' creator='Scopia' width='120.0' height='120.0' image='4'/>
    <point x='1528.9545' y='872.832'/>
    <point x='1517.3182' y='1093.9229'/>
    <point x='1776.9546' y='1088.8319'/>
    <point x='1773.3182' y='874.2865'/>
  </room>
  <room id='room-f6325aa3-881e-41e4-ba92-d37173f257ae' level='level-bf7a32e8-7813-4952-9ac0-a85e63d6aa71' areaVisible='true' ceilingFlat='true'>
    <texture attribute='floorTexture' name='Brown terrace tiles' creator='Scopia' width='120.0' height='120.0' image='4'/>
    <point x='1024.2273' y='870.65015'/>
    <point x='1018.4092' y='1096.8319'/>
    <point x='1386.4092' y='1092.4684'/>
    <point x='1386.4092' y='877.19556'/>
  </room>
  <room id='room-948b14fc-1279-4ab0-be07-4a9fa50899f5' level='level-bf7a32e8-7813-4952-9ac0-a85e63d6aa71' areaVisible='true' ceilingFlat='true'>
    <texture attribute='floorTexture' name='Brown terrace tiles' creator='Scopia' width='120.0' height='120.0' image='4'/>
    <point x='1398.0457' y='877.19556'/>
    <point x='1402.4092' y='1097.5593'/>
    <point x='1501.3182' y='1093.1956'/>
    <point x='1499.8636' y='871.37744'/>
  </room>
  <room id='room-5c3071d7-1397-4369-898f-f48586cba46f' level='level-bf7a32e8-7813-4952-9ac0-a85e63d6aa71' areaVisible='true' ceilingFlat='true'>
    <texture attribute='floorTexture' name='Brown terrace tiles' creator='Scopia' width='120.0' height='120.0' image='4'/>
    <point x='1975.5' y='504.832'/>
    <point x='1991.5' y='1077.9229'/>
    <point x='2202.4092' y='1082.2865'/>
    <point x='2203.8638' y='909.1956'/>
    <point x='2378.4092' y='896.1047'/>
    <point x='2385.682' y='512.1047'/>
  </room>
  <room id='room-39bdb684-70b6-437a-be84-8fb1c5d52228' level='level-bf7a32e8-7813-4952-9ac0-a85e63d6aa71' areaVisible='true' ceilingFlat='true'>
    <texture attribute='floorTexture' name='Light moss yellow' creator='Scopia' catalogId='eTeksScopia#light-moss-yellow' width='100.0' height='100.0' image='22'/>
    <point x='3211.8638' y='504.832'/>
    <point x='3294.773' y='507.01382'/>
    <point x='3288.2273' y='886.65015'/>
    <point x='3216.2273' y='886.65015'/>
  </room>
  <room id='room-7946f4f6-692b-4556-8964-5a58d668d803' level='level-bf7a32e8-7813-4952-9ac0-a85e63d6aa71' areaVisible='true' ceilingFlat='true'>
    <texture attribute='floorTexture' name='Light moss yellow' creator='Scopia' catalogId='eTeksScopia#light-moss-yellow' width='100.0' height='100.0' image='22'/>
    <point x='1300.591' y='502.65018'/>
    <point x='1296.2273' y='587.741'/>
    <point x='1961.6819' y='583.3774'/>
    <point x='1966.0454' y='509.1956'/>
  </room>
  <room id='room-49bdbcfa-e974-41f8-845f-0a8115c92230' level='level-bf7a32e8-7813-4952-9ac0-a85e63d6aa71' areaVisible='true' ceilingFlat='true'>
    <texture attribute='floorTexture' name='Light moss yellow' creator='Scopia' catalogId='eTeksScopia#light-moss-yellow' width='100.0' height='100.0' image='22'/>
    <point x='412.0954' y='511.97287'/>
    <point x='416.9546' y='583.3774'/>
    <point x='779.1364' y='583.3774'/>
    <point x='779.1364' y='507.01385'/>
  </room>
  <room id='room-e2c6d440-d38f-4975-9fc8-6d1ab3ebad12' level='level-bf7a32e8-7813-4952-9ac0-a85e63d6aa71' areaVisible='true' ceilingFlat='true'>
    <texture attribute='floorTexture' name='Grass' creator='eTeks' width='30.0' height='30.0' image='19'/>
    <point x='1562.4092' y='1249.5592'/>
    <point x='1565.3182' y='1579.7411'/>
    <point x='1777.6819' y='1546.2865'/>
    <point x='1777.6819' y='1248.1047'/>
  </room>
  <room id='room-b2099197-7e72-41fd-9f43-6153c970b343' level='level-bf7a32e8-7813-4952-9ac0-a85e63d6aa71' areaVisible='true' ceilingFlat='true'>
    <texture attribute='floorTexture' name='Grass' creator='eTeks' width='30.0' height='30.0' image='19'/>
    <point x='1262.7728' y='1249.5592'/>
    <point x='1443.1364' y='1252.4684'/>
    <point x='1443.1364' y='1598.6501'/>
    <point x='1252.591' y='1623.3774'/>
  </room>
  <room id='room-29f81765-9890-40b3-ac21-cb5cb5ae50e8' level='level-bf7a32e8-7813-4952-9ac0-a85e63d6aa71' areaVisible='true' ceilingFlat='true'>
    <point x='1466.4092' y='1251.0138'/>
    <point x='1469.3182' y='1591.3774'/>
    <point x='1540.591' y='1581.1956'/>
    <point x='1542.0455' y='1251.0138'/>
  </room>
  <room id='room-c9014d9f-6224-4e14-ac69-d91ee7ebf214' level='level-bf7a32e8-7813-4952-9ac0-a85e63d6aa71' areaVisible='true' ceilingFlat='true'>
    <texture attribute='floorTexture' name='Brown terrace tiles' creator='Scopia' width='120.0' height='120.0' image='4'/>
    <point x='1293.3179' y='602.5183'/>
    <point x='1293.3179' y='836.4683'/>
    <point x='1805.3182' y='836.4683'/>
    <point x='1805.3182' y='1084.7231'/>
    <point x='1978.6411' y='1084.7231'/>
    <point x='1978.6411' y='602.5183'/>
  </room>
</home>