<?xml version='1.0'?>
<home version='7200' exportFlags='17' name='5.sh3d' camera='topCamera' selectedLevel='level-bf7a32e8-7813-4952-9ac0-a85e63d6aa71' wallHeight='243.84'>
  <environment groundColor='00A8A8A8' skyColor='00CCE4FC' lightColor='00D0D0D0'/>
  <observerCamera attribute='observerCamera' lens='PINHOLE' x='50.0' y='50.0' z='520.0' yaw='5.4977875' pitch='0.19634955' fieldOfView='1.0995575' time='1716897600000' fixedSize='true'/>
  <camera attribute='topCamera' lens='PINHOLE' x='1832.1263' y='2032.7625' z='1840.6355' yaw='3.161603' pitch='1.0357968' fieldOfView='1.0995575' time='1716897600000'/>
  <level id='level-2bfe8fd0-911a-4420-9c45-ec54a608e3f4' name='Level 0' elevation='0.0' floorThickness='12.0' height='350.0' elevationIndex='0'/>
  <level id='level-bf7a32e8-7813-4952-9ac0-a85e63d6aa71' name='Level 1' elevation='350.0' floorThickness='12.0' height='243.84' elevationIndex='0'/>
  <wall id='wall-6fe2b1a2-493d-420c-81e2-99f99b375ae1' level='level-2bfe8fd0-911a-4420-9c45-ec54a608e3f4' xStart='488.9546' yStart='602.6559' xEnd='3200.9546' yEnd='603.74677' height='350.0' thickness='12.6' pattern='crossHatch'/>
  <wall id='wall-7f1eb7f9-47e6-42d4-866c-d887e0f624c7' level='level-2bfe8fd0-911a-4420-9c45-ec54a608e3f4' xStart='3200.9543' yStart='599.7411' xEnd='3203.1365' yEnd='1359.0138' height='350.0' thickness='12.6' pattern='crossHatch'/>
  <wall id='wall-f4f8663b-4d04-48ee-b5d9-0a2091a77159' level='level-2bfe8fd0-911a-4420-9c45-ec54a608e3f4' xStart='3206.241' yStart='1351.9099' xEnd='498.40906' yEnd='1738.1958' height='350.0' thickness='12.6' pattern='crossHatch' topColor='FF8D0F00'/>
  <wall id='wall-d0bb790d-c1db-4ac6-b26a-59b115ee8c21' level='level-2bfe8fd0-911a-4420-9c45-ec54a608e3f4' wallAtStart='wall-1de75e87-4a1d-4b3d-a1f0-89b986ee8bf8' xStart='2707.8638' yStart='1204.8319' xEnd='2710.0457' yEnd='1419.0138' height='350.0' thickness='12.6' pattern='crossHatch'/>
  <wall id='wall-1de75e87-4a1d-4b3d-a1f0-89b986ee8bf8' level='level-2bfe8fd0-911a-4420-9c45-ec54a608e3f4' wallAtStart='wall-967736ce-abf3-4e61-8273-610142e98b7c' wallAtEnd='wall-d0bb790d-c1db-4ac6-b26a-59b115ee8c21' xStart='2426.4092' yStart='1207.0138' xEnd='2707.8638' yEnd='1204.8319' height='350.0' thickness='12.6' pattern='crossHatch'/>
  <wall id='wall-c63fa75f-09c6-4697-b459-8a578f79f65e' level='level-2bfe8fd0-911a-4420-9c45-ec54a608e3f4' xStart='2426.4092' yStart='1207.3774' xEnd='2295.5' yEnd='1207.3774' height='350.0' thickness='12.6' pattern='crossHatch'/>
  <wall id='wall-967736ce-abf3-4e61-8273-610142e98b7c' level='level-2bfe8fd0-911a-4420-9c45-ec54a608e3f4' wallAtStart='wall-1de75e87-4a1d-4b3d-a1f0-89b986ee8bf8' xStart='2426.4092' yStart='1207.0138' xEnd='2428.591' yEnd='1462.6501' height='350.0' thickness='12.6' pattern='crossHatch'/>
  <wall id='wall-e784e873-b9b4-4b6e-aeb8-63a377397e7b' level='level-2bfe8fd0-911a-4420-9c45-ec54a608e3f4' wallAtStart='wall-ae33e209-5337-49c6-802a-1aa38f21a62f' xStart='2299.8638' yStart='1210.3774' xEnd='2302.0454' yEnd='1477.9229' height='350.0' thickness='12.6' pattern='crossHatch'/>
  <wall id='wall-ae33e209-5337-49c6-802a-1aa38f21a62f' level='level-2bfe8fd0-911a-4420-9c45-ec54a608e3f4' wallAtEnd='wall-e784e873-b9b4-4b6e-aeb8-63a377397e7b' xStart='1994.4092' yStart='1208.1956' xEnd='2299.8638' yEnd='1210.3774' height='350.0' thickness='12.6' pattern='crossHatch'/>
  <wall id='wall-10db2918-d840-40c6-92c4-a141b740277f' level='level-2bfe8fd0-911a-4420-9c45-ec54a608e3f4' wallAtEnd='wall-f1cac5dc-0dcd-4640-af4b-f14a37864e0e' xStart='1998.773' yStart='1209.5591' xEnd='1601.6819' yEnd='1209.5591' height='350.0' thickness='12.6' pattern='crossHatch'/>
  <wall id='wall-f1cac5dc-0dcd-4640-af4b-f14a37864e0e' level='level-2bfe8fd0-911a-4420-9c45-ec54a608e3f4' wallAtStart='wall-10db2918-d840-40c6-92c4-a141b740277f' xStart='1601.6819' yStart='1209.5591' xEnd='1603.8636' yEnd='1576.1047' height='350.0' thickness='12.6' pattern='crossHatch'/>
  <wall id='wall-67dae154-51b2-43d8-8820-4f7a150aa16c' level='level-2bfe8fd0-911a-4420-9c45-ec54a608e3f4' xStart='3207.5' yStart='902.10474' xEnd='1998.773' yEnd='910.8319' height='350.0' thickness='12.6' pattern='crossHatch'/>
  <wall id='wall-c0c135a8-53bb-41e4-871c-b308e13ab440' level='level-2bfe8fd0-911a-4420-9c45-ec54a608e3f4' xStart='2799.5002' yStart='605.1955' xEnd='2803.864' yEnd='897.55914' height='350.0' thickness='12.6' pattern='crossHatch'/>
  <wall id='wall-2f977654-7a3b-48a9-8f8a-3132a37d906b' level='level-2bfe8fd0-911a-4420-9c45-ec54a608e3f4' xStart='2395.8638' yStart='607.3774' xEnd='2398.0454' yEnd='904.10486' height='350.0' thickness='12.6' pattern='crossHatch'/>
  <wall id='wall-59793921-c41f-46db-bee3-48a519492890' level='level-2bfe8fd0-911a-4420-9c45-ec54a608e3f4' xStart='489.86365' yStart='602.65594' xEnd='498.59094' yEnd='1741.5651' height='350.0' thickness='12.6' pattern='crossHatch'/>
  <wall id='wall-53ba8aa0-4296-4502-abcd-02a004590a26' level='level-2bfe8fd0-911a-4420-9c45-ec54a608e3f4' xStart='2005.3181' yStart='595.3774' xEnd='1998.7727' yEnd='1524.8319' height='350.0' thickness='12.6' pattern='crossHatch'/>
  <wall id='wall-8c52327e-3340-42e1-babb-87e423b5f4bd' level='level-bf7a32e8-7813-4952-9ac0-a85e63d6aa71' wallAtEnd='wall-1cd0ea54-3b9f-4f08-9e44-eee00ab48a89' xStart='399.5' yStart='496.1047' xEnd='3303.5' yEnd='496.1047' height='243.84' thickness='12.1' pattern='crossHatch'/>
  <wall id='wall-1cd0ea54-3b9f-4f08-9e44-eee00ab48a89' level='level-bf7a32e8-7813-4952-9ac0-a85e63d6aa71' wallAtStart='wall-8c52327e-3340-42e1-babb-87e423b5f4bd' wallAtEnd='wall-ddcd5b1b-148f-41b6-b483-08dd721f05a8' xStart='3303.5' yStart='496.1047' xEnd='3296.9546' yEnd='1353.5592' height='243.84' thickness='12.1' pattern='crossHatch'/>
  <wall id='wall-ddcd5b1b-148f-41b6-b483-08dd721f05a8' level='level-bf7a32e8-7813-4952-9ac0-a85e63d6aa71' wallAtStart='wall-1cd0ea54-3b9f-4f08-9e44-eee00ab48a89' xStart='3296.9546' yStart='1353.5592' xEnd='3196.591' yEnd='1353.5592' height='243.84' thickness='12.1' pattern='crossHatch'/>
  <wall id='wall-9c19e569-185e-488b-b4c9-4448d0170512' level='level-bf7a32e8-7813-4952-9ac0-a85e63d6aa71' xStart='397.31818' yStart='493.92288' xEnd='406.04547' yEnd='1746.2865' height='243.84' thickness='12.1' pattern='crossHatch'/>
  <wall id='wall-526f78e6-60c1-461b-af40-952b0e57289f' level='level-bf7a32e8-7813-4952-9ac0-a85e63d6aa71' wallAtEnd='wall-85a8c900-7831-487b-9097-45daab469c32' xStart='406.04547' yStart='1744.1047' xEnd='497.68182' yEnd='1744.1047' height='243.84' thickness='12.1' pattern='crossHatch'/>
  <wall id='wall-85a8c900-7831-487b-9097-45daab469c32' level='level-bf7a32e8-7813-4952-9ac0-a85e63d6aa71' wallAtStart='wall-526f78e6-60c1-461b-af40-952b0e57289f' xStart='497.68182' yStart='1744.1047' xEnd='3209.682' yEnd='1354.6501' height='243.84' thickness='12.1' pattern='crossHatch'/>
  <wall id='wall-efe96a2a-24de-4a3a-b0cc-938accda8abd' level='level-bf7a32e8-7813-4952-9ac0-a85e63d6aa71' xStart='1793.3116' yStart='1100.8314' xEnd='1789.3119' yEnd='1560.4691' height='243.84' thickness='12.1' pattern='crossHatch'/>
  <wall id='wall-c74f67d4-4f35-490d-bbeb-f8054b6f9edd' level='level-bf7a32e8-7813-4952-9ac0-a85e63d6aa71' xStart='2205.8645' yStart='1240.9536' xEnd='3001.8638' yEnd='1236.2266' height='243.84' thickness='12.1' pattern='crossHatch'/>
  <wall id='wall-7fe27843-662c-4e4c-b44e-4e27d170c75a' level='level-bf7a32e8-7813-4952-9ac0-a85e63d6aa71' xStart='2508.7847' yStart='1243.4989' xEnd='2511.6938' yEnd='1453.3171' height='243.84' thickness='12.1' pattern='crossHatch'/>
  <wall id='wall-f30c5386-6163-467e-80ac-7de486f1bc03' level='level-bf7a32e8-7813-4952-9ac0-a85e63d6aa71' xStart='3301.682' yStart='900.1047' xEnd='2209.3184' yEnd='909.55927' height='243.84' thickness='12.1' pattern='crossHatch'/>
  <wall id='wall-950fa331-229a-4cc8-8dcc-165c1acba3ea' level='level-bf7a32e8-7813-4952-9ac0-a85e63d6aa71' xStart='2998.0457' yStart='912.832' xEnd='3000.2273' yEnd='1388.4684' height='243.84' thickness='12.1' pattern='crossHatch'/>
  <wall id='wall-736e3869-d40c-4b4c-83a1-aa09dd325534' level='level-bf7a32e8-7813-4952-9ac0-a85e63d6aa71' xStart='1784.9545' yStart='1102.2865' xEnd='1001.68176' yEnd='1105.9227' height='243.84' thickness='12.1' pattern='crossHatch'/>
  <wall id='wall-b6a33534-3de8-400f-ad66-3d94be20ac73' level='level-bf7a32e8-7813-4952-9ac0-a85e63d6aa71' xStart='1790.0455' yStart='898.2865' xEnd='1497.682' yEnd='900.4683' height='243.84' thickness='12.1' pattern='crossHatch'/>
  <wall id='wall-46238a73-53a8-4dbe-8e47-153f5f461ddf' level='level-bf7a32e8-7813-4952-9ac0-a85e63d6aa71' wallAtEnd='wall-2f2074bb-2b00-4793-9e0f-b16de7ec866a' xStart='1394.2273' yStart='1096.1047' xEnd='1394.2274' yEnd='898.4683' height='243.84' thickness='12.1' pattern='crossHatch'/>
  <wall id='wall-2f2074bb-2b00-4793-9e0f-b16de7ec866a' level='level-bf7a32e8-7813-4952-9ac0-a85e63d6aa71' wallAtStart='wall-46238a73-53a8-4dbe-8e47-153f5f461ddf' xStart='1394.2274' yStart='898.4683' xEnd='798.22736' yEnd='896.28656' height='243.84' thickness='12.1' pattern='crossHatch'/>
  <wall id='wall-8d7ecaf3-5850-42ac-8eeb-3cf2f0060c14' level='level-bf7a32e8-7813-4952-9ac0-a85e63d6aa71' xStart='800.10596' yStart='1701.1956' xEnd='793.56055' yEnd='1011.7412' height='243.84' thickness='12.1' pattern='crossHatch'/>
  <wall id='wall-5fe88fd5-730e-4e30-a7c8-ba3a0fd1327d' level='level-bf7a32e8-7813-4952-9ac0-a85e63d6aa71' xStart='796.59094' yStart='1003.3152' xEnd='395.13635' yEnd='1001.13336' height='243.84' thickness='12.1' pattern='crossHatch'/>
  <wall id='wall-ec0c493a-0cb7-4ec4-a121-f886282c8e2e' level='level-bf7a32e8-7813-4952-9ac0-a85e63d6aa71' xStart='2211.0269' yStart='911.7408' xEnd='2209.5723' yEnd='1503.742' height='243.84' thickness='12.1' pattern='crossHatch'/>
  <wall id='wall-601180be-a8ae-4934-a3a9-29d3b16a24e7' level='level-bf7a32e8-7813-4952-9ac0-a85e63d6aa71' xStart='1787.1365' yStart='504.832' xEnd='1789.3182' yEnd='1102.6501' height='243.84' thickness='12.1' pattern='crossHatch'/>
  <wall id='wall-a345ad2f-854a-4584-9c59-9b6e5bc8f034' level='level-bf7a32e8-7813-4952-9ac0-a85e63d6aa71' xStart='1503.5' yStart='895.37744' xEnd='1507.8636' yEnd='1098.2865' height='243.84' thickness='12.1' pattern='crossHatch'/>
  <wall id='wall-594457f8-5bfa-4a8d-a5ea-51316e1a0e51' level='level-bf7a32e8-7813-4952-9ac0-a85e63d6aa71' xStart='1288.3514' yStart='491.74106' xEnd='1287.6243' yEnd='901.19556' height='243.84' thickness='12.1' pattern='crossHatch'/>
  <wall id='wall-ae4ee2e5-5d3a-4d8a-91ba-d84f5d0843c9' level='level-bf7a32e8-7813-4952-9ac0-a85e63d6aa71' xStart='1998.0535' yStart='1244.1056' xEnd='1993.6896' yEnd='1527.742' height='243.84' thickness='12.1' pattern='crossHatch'/>
  <wall id='wall-e58b09c7-1a26-464a-bf18-6bbf7dad4867' level='level-bf7a32e8-7813-4952-9ac0-a85e63d6aa71' xStart='1280.9546' yStart='797.9228' xEnd='1789.3182' yEnd='801.5592' height='243.84' thickness='12.1' pattern='crossHatch'/>
  <wall id='wall-8da04f66-dee0-4914-98f8-e7205ccdf8a1' level='level-bf7a32e8-7813-4952-9ac0-a85e63d6aa71' wallAtEnd='wall-0557d33b-7ac5-4a43-a30c-f0a88291a18d' xStart='1789.092' yStart='1240.1057' xEnd='1346.8817' yEnd='1242.2876' height='243.84' thickness='12.1' pattern='crossHatch'/>
  <wall id='wall-c83441b0-cb29-4a9a-803f-5878704bedeb' level='level-bf7a32e8-7813-4952-9ac0-a85e63d6aa71' xStart='403.86365' yStart='1357.1973' xEnd='796.59094' yEnd='1355.0155' height='243.84' thickness='12.1' pattern='crossHatch'/>
  <wall id='wall-4d3d2a76-ae9a-4b8c-9e88-e69a15e39fa9' level='level-bf7a32e8-7813-4952-9ac0-a85e63d6aa71' xStart='2208.967' yStart='1092.9546' xEnd='1784.221' yEnd='1090.7731' height='243.84' thickness='12.1' pattern='crossHatch'/>
  <wall id='wall-f08c3139-334f-4ccd-9749-cd9094707c52' level='level-bf7a32e8-7813-4952-9ac0-a85e63d6aa71' xStart='800.9546' yStart='486.04407' xEnd='793.6818' yEnd='1021.31683' height='243.84' thickness='12.1' pattern='crossHatch'/>
  <wall id='wall-e7a32f54-a762-40e7-a5d5-93f3d1b88cee' level='level-bf7a32e8-7813-4952-9ac0-a85e63d6aa71' xStart='1392.2273' yStart='897.5592' xEnd='1510.0455' yEnd='899.741' height='243.84' thickness='12.1' pattern='crossHatch'/>
  <wall id='wall-ff483c5c-c770-41db-af84-6b9fe1e42095' level='level-bf7a32e8-7813-4952-9ac0-a85e63d6aa71' xStart='2603.8638' yStart='1236.4684' xEnd='2605.3184' yEnd='1441.5592' height='243.84' thickness='12.1' pattern='crossHatch'/>
  <wall id='wall-3336e50a-8641-43a9-afa2-9df066340d5e' level='level-bf7a32e8-7813-4952-9ac0-a85e63d6aa71' xStart='1000.9546' yStart='897.5592' xEnd='1002.4092' yEnd='1108.4684' height='243.84' thickness='12.1' pattern='crossHatch'/>
  <wall id='wall-3cb36838-500c-42e5-82f3-95f36296439e' level='level-bf7a32e8-7813-4952-9ac0-a85e63d6aa71' xStart='2797.3184' yStart='496.1047' xEnd='2792.9546' yEnd='904.832' height='243.84' thickness='12.1' pattern='crossHatch'/>
  <wall id='wall-89a27fef-f6ca-4572-a90e-3cd34e5016b1' level='level-bf7a32e8-7813-4952-9ac0-a85e63d6aa71' xStart='2395.8638' yStart='496.1047' xEnd='2395.8638' yEnd='910.65015' height='243.84' thickness='12.1' pattern='crossHatch'/>
  <wall id='wall-215dbf65-27f5-47b1-aec1-0e21e81ac2a4' level='level-bf7a32e8-7813-4952-9ac0-a85e63d6aa71' xStart='1597.3182' yStart='1242.2865' xEnd='1598.7728' yEnd='1585.5592' height='243.84' thickness='12.1' pattern='crossHatch'/>
  <wall id='wall-a46bd5fa-cd78-448c-b1ac-26ed8234f6d8' level='level-bf7a32e8-7813-4952-9ac0-a85e63d6aa71' xStart='1498.4092' yStart='1242.2865' xEnd='1501.3182' yEnd='1601.5592' height='243.84' thickness='12.1' pattern='crossHatch'/>
  <wall id='wall-0557d33b-7ac5-4a43-a30c-f0a88291a18d' level='level-bf7a32e8-7813-4952-9ac0-a85e63d6aa71' wallAtStart='wall-8da04f66-dee0-4914-98f8-e7205ccdf8a1' xStart='1346.8817' yStart='1242.2876' xEnd='1348.591' yEnd='1617.5592' height='243.84' thickness='12.1' pattern='crossHatch'/>
  <room id='room-a8d46d9b-b838-4a9c-9aeb-78462e1c2d5c' level='level-bf7a32e8-7813-4952-9ac0-a85e63d6aa71' areaVisible='true' ceilingVisible='false' ceilingFlat='true'>
    <texture attribute='floorTexture' name='Blue fibres' creator='Scopia' catalogId='eTeksScopia#blue-fibres_fabric-for-furniture' width='20.0' height='20.0' image='0'/>
    <point x='3008.9546' y='912.1046'/>
    <point x='3004.591' y='1381.1956'/>
    <point x='3222.773' y='1344.1046'/>
    <point x='3299.1365' y='1350.6501'/>
    <point x='3283.8638' y='914.28644'/>
  </room>
  <room id='room-8b3b36ad-995b-48f6-b9f9-d1526bba39af' level='level-bf7a32e8-7813-4952-9ac0-a85e63d6aa71' areaVisible='true' ceilingVisible='false' ceilingFlat='true'>
    <texture attribute='floorTexture' name='Blue fibres' creator='Scopia' catalogId='eTeksScopia#blue-fibres_fabric-for-furniture' width='20.0' height='20.0' image='0'/>
    <point x='2987.1362' y='917.1956'/>
    <point x='2981.3184' y='1224.1047'/>
    <point x='2221.3186' y='1226.2865'/>
    <point x='2224.9546' y='928.10474'/>
  </room>
  <room id='room-a64aabe3-85a5-4abf-85ae-2fba4223cee5' level='level-bf7a32e8-7813-4952-9ac0-a85e63d6aa71' areaVisible='true' ceilingFlat='true'>
    <texture attribute='floorTexture' name='Brown terrace tiles' creator='Scopia' width='120.0' height='120.0' image='1'/>
    <point x='1512.2273' y='912.832'/>
    <point x='1512.2273' y='1096.1047'/>
    <point x='1782.7728' y='1091.7411'/>
    <point x='1784.9546' y='904.1047'/>
  </room>
  <room id='room-293f1f5c-d6aa-4f5f-b0ba-37f63f9fc884' level='level-bf7a32e8-7813-4952-9ac0-a85e63d6aa71' areaVisible='true' ceilingFlat='true'>
    <texture attribute='floorTexture' name='Brown terrace tiles' creator='Scopia' width='120.0' height='120.0' image='1'/>
    <point x='1271.5001' y='507.01376'/>
    <point x='1275.8636' y='886.65015'/>
    <point x='805.31824' y='884.4683'/>
    <point x='800.9546' y='507.01382'/>
  </room>
  <room id='room-7c89c434-8e7f-47a0-a4d9-0caea074479f' level='level-bf7a32e8-7813-4952-9ac0-a85e63d6aa71' areaVisible='true' ceilingFlat='true'>
    <texture attribute='floorTexture' name='Grass' creator='eTeks' width='30.0' height='30.0' image='2'/>
    <point x='403.86365' y='504.832'/>
    <point x='794.4091' y='507.01382'/>
    <point x='779.86365' y='986.2865'/>
    <point x='408.9546' y='988.4684'/>
  </room>
  <room id='room-87b2b3bb-fa0e-4c03-8955-3cde8d02a472' level='level-bf7a32e8-7813-4952-9ac0-a85e63d6aa71' areaVisible='true' ceilingFlat='true'>
    <texture attribute='floorTexture' name='Beige fabric' creator='Scopia' width='85.0' height='85.0' image='3'/>
    <point x='2523.8757' y='1244.226'/>
    <point x='2520.2395' y='1442.7714'/>
    <point x='2605.33' y='1433.3168'/>
    <point x='2603.8757' y='1244.226'/>
  </room>
  <room id='room-3b8f67e5-f178-477b-9b24-044545af4a7b' level='level-bf7a32e8-7813-4952-9ac0-a85e63d6aa71' areaVisible='true' ceilingFlat='true'>
    <texture attribute='floorTexture' name='Blue fibres' creator='Scopia' catalogId='eTeksScopia#blue-fibres_fabric-for-furniture' width='20.0' height='20.0' image='0'/>
    <point x='2219.2695' y='1253.1959'/>
    <point x='2217.0876' y='1483.7413'/>
    <point x='2497.088' y='1442.2866'/>
    <point x='2494.906' y='1253.1959'/>
  </room>
  <room id='room-561a4abf-960e-42a3-9e3e-6fbbbd680952' level='level-bf7a32e8-7813-4952-9ac0-a85e63d6aa71' areaVisible='true' ceilingFlat='true'>
    <texture attribute='floorTexture' name='Peacock velvet' creator='Scopia' width='50.0' height='50.0' image='4'/>
    <point x='1799.9788' y='1244.1056'/>
    <point x='2194.1794' y='1249.9238'/>
    <point x='2192.7246' y='1495.0146'/>
    <point x='1806.5242' y='1549.56'/>
  </room>
  <room id='room-a163e23d-9f82-42b3-9a10-7c4c844b429a' level='level-bf7a32e8-7813-4952-9ac0-a85e63d6aa71' areaVisible='true' ceilingFlat='true'>
    <texture attribute='floorTexture' name='Brown terrace tiles' creator='Scopia' width='120.0' height='120.0' image='1'/>
    <point x='1774.0455' y='803.741'/>
    <point x='1774.0455' y='888.832'/>
    <point x='1292.5911' y='877.92285'/>
    <point x='1294.0455' y='803.01373'/>
  </room>
  <room id='room-7b5e2294-5013-4494-b3fa-5cc3a329c6a9' level='level-bf7a32e8-7813-4952-9ac0-a85e63d6aa71' areaVisible='true' ceilingFlat='true'>
    <texture attribute='floorTexture' name='Beige fabric' creator='Scopia' catalogId='eTeksScopia#beige_fabric' width='85.0' height='85.0' image='3'/>
    <point x='1400.9546' y='912.832'/>
    <point x='1400.9546' y='1091.7411'/>
    <point x='1494.7727' y='1087.3774'/>
    <point x='1496.9547' y='917.19556'/>
  </room>
  <room id='room-1c45108e-0147-4070-bc46-9a51fc81c4ae' level='level-bf7a32e8-7813-4952-9ac0-a85e63d6aa71' areaVisible='true' ceilingFlat='true'>
    <texture attribute='floorTexture' name='Blue fibres' creator='Scopia' width='20.0' height='20.0' image='0'/>
    <point x='2615.5' y='1245.1956'/>
    <point x='2616.9546' y='1437.1956'/>
    <point x='2987.8638' y='1377.5592'/>
    <point x='2987.8638' y='1249.5592'/>
  </room>
  <room id='room-813e2980-1ccc-4609-a080-f285a6ab95df' level='level-bf7a32e8-7813-4952-9ac0-a85e63d6aa71' areaVisible='true' ceilingFlat='true'>
    <texture attribute='floorTexture' name='Peacock velvet' creator='Scopia' width='50.0' height='50.0' image='4'/>
    <point x='1805.3182' y='1098.2865'/>
    <point x='1803.8636' y='1230.6501'/>
    <point x='2190.773' y='1236.4683'/>
    <point x='2195.1365' y='1102.6501'/>
  </room>
  <room id='room-81cd1e03-62db-4c09-97eb-af91714f024d' level='level-bf7a32e8-7813-4952-9ac0-a85e63d6aa71' areaVisible='true' ceilingFlat='true'>
    <texture attribute='floorTexture' name='Brown terrace tiles' creator='Scopia' width='120.0' height='120.0' image='1'/>
    <point x='1011.1365' y='903.3774'/>
    <point x='1014.04553' y='1104.1046'/>
    <point x='1380.591' y='1096.8319'/>
    <point x='1382.0455' y='913.5592'/>
  </room>
  <room id='room-f166da12-2824-47be-a235-ca411f46f591' level='level-bf7a32e8-7813-4952-9ac0-a85e63d6aa71' areaVisible='true' ceilingFlat='true'>
    <texture attribute='floorTexture' name='Blue fibres' creator='Scopia' width='20.0' height='20.0' image='0'/>
    <point x='3291.8638' y='496.1047'/>
    <point x='3290.4092' y='890.2865'/>
    <point x='2806.0457' y='887.37744'/>
    <point x='2808.9546' y='506.28653'/>
  </room>
  <room id='room-5c39461b-7000-4246-b74c-a52b0c8624a3' level='level-bf7a32e8-7813-4952-9ac0-a85e63d6aa71' areaVisible='true' ceilingFlat='true'>
    <texture attribute='floorTexture' name='Blue fibres' creator='Scopia' width='20.0' height='20.0' image='0'/>
    <point x='2784.2273' y='507.74106'/>
    <point x='2778.4092' y='891.741'/>
    <point x='2403.1365' y='894.65015'/>
    <point x='2410.4092' y='507.74106'/>
  </room>
  <room id='room-4fa3cdf2-3e0b-4b09-99bc-3628a373fcd6' level='level-bf7a32e8-7813-4952-9ac0-a85e63d6aa71' areaVisible='true' ceilingFlat='true'>
    <texture attribute='floorTexture' name='Brown terrace tiles' creator='Scopia' width='120.0' height='120.0' image='1'/>
    <point x='2379.8638' y='504.83194'/>
    <point x='2385.682' y='896.1047'/>
    <point x='2203.8638' y='901.92285'/>
    <point x='2198.0454' y='1085.1956'/>
    <point x='1800.9546' y='1075.0138'/>
    <point x='1796.591' y='506.28653'/>
  </room>
  <room id='room-f3fec9e1-9dff-47cf-b6b9-bdb9842a11bf' level='level-bf7a32e8-7813-4952-9ac0-a85e63d6aa71' areaVisible='true' ceilingFlat='true'>
    <texture attribute='floorTexture' name='Brown terrace tiles' creator='Scopia' width='120.0' height='120.0' image='1'/>
    <point x='1304.9546' y='501.92288'/>
    <point x='1303.5' y='787.0138'/>
    <point x='1783.5' y='789.92285'/>
    <point x='1773.3182' y='510.65018'/>
  </room>
  <room id='room-8f0df8d5-d39a-40a6-b42e-607f6c39cc1a' level='level-bf7a32e8-7813-4952-9ac0-a85e63d6aa71' areaVisible='true' ceilingFlat='true'>
    <texture attribute='floorTexture' name='Grass' creator='eTeks' width='30.0' height='30.0' image='2'/>
    <point x='1610.4092' y='1245.1956'/>
    <point x='1613.3182' y='1575.3774'/>
    <point x='1782.0455' y='1546.2865'/>
    <point x='1779.1365' y='1245.1956'/>
  </room>
  <room id='room-11aef37a-bd8b-4d32-8753-1030aaa84b65' level='level-bf7a32e8-7813-4952-9ac0-a85e63d6aa71' areaVisible='true' ceilingFlat='true'>
    <point x='1510.0455' y='1245.1956'/>
    <point x='1510.0455' y='1587.0138'/>
    <point x='1582.7728' y='1572.4684'/>
    <point x='1597.3182' y='1246.6501'/>
  </room>
  <room id='room-815c9480-89a8-48d0-98aa-57ada37aad12' level='level-bf7a32e8-7813-4952-9ac0-a85e63d6aa71' areaVisible='true' ceilingFlat='true'>
    <texture attribute='floorTexture' name='Grass' creator='eTeks' width='30.0' height='30.0' image='2'/>
    <point x='1485.3182' y='1253.9229'/>
    <point x='1492.591' y='1581.1956'/>
    <point x='1363.1364' y='1603.0138'/>
    <point x='1351.5' y='1253.9229'/>
  </room>
  <room id='room-edcd1725-eb5c-463a-b414-c1ef1d57c0db' level='level-bf7a32e8-7813-4952-9ac0-a85e63d6aa71' areaVisible='true' ceilingFlat='true'>
    <texture attribute='floorTexture' name='Grass' creator='eTeks' width='30.0' height='30.0' image='2'/>
    <point x='411.86365' y='1011.0138'/>
    <point x='779.86365' y='1016.8319'/>
    <point x='781.31824' y='1341.1956'/>
    <point x='416.2273' y='1344.1047'/>
  </room>
  <room id='room-9c69f32a-0aa9-4122-bdb0-f5a0e9064584' level='level-bf7a32e8-7813-4952-9ac0-a85e63d6aa71' areaVisible='true' ceilingFlat='true'>
    <texture attribute='floorTexture' name='Grass' creator='eTeks' width='30.0' height='30.0' image='2'/>
    <point x='414.77277' y='1364.4684'/>
    <point x='782.77277' y='1364.4684'/>
    <point x='782.77277' y='1690.2865'/>
    <point x='487.5' y='1735.3774'/>
    <point x='419.13635' y='1731.0138'/>
  </room>
  <room id='room-52d4dbe9-e07e-455d-96bd-e32a07b5a5fa' level='level-bf7a32e8-7813-4952-9ac0-a85e63d6aa71' areaVisible='true' ceilingFlat='true'>
    <texture attribute='floorTexture' name='Grass' creator='eTeks' width='30.0' height='30.0' image='2'/>
    <point x='800.2273' y='900.4683'/>
    <point x='986.4092' y='900.4683'/>
    <point x='989.31824' y='1104.1047'/>
    <point x='1792.2273' y='1105.5592'/>
    <point x='1782.0455' y='1235.0138'/>
    <point x='1335.5' y='1232.1047'/>
    <point x='1341.3182' y='1605.9229'/>
    <point x='808.9546' y='1684.4684'/>
  </room>
</home>